Workbook

Sheet Instrucciones
B2: Práctica guiada · Sesión 7
B3: Explorar, depurar y verificar · Curso de IA Aplicada, INEGI 2026
B6: Qué van a hacer
B7: Parte 1 · 12 min | C7: Escribir el prompt. En la hoja «Prompt», conviertan un pedido vago en uno preciso para calcular el apoyo promedio por entidad.
B8: Parte 2 · 18 min | C8: Depurar y recalcular. En la hoja «Depuración», diagnostiquen el padrón sucio y comparen el promedio ingenuo contra el corregido.
B9: Parte 3 · 10 min | C9: EDA y bitácora. En las hojas «EDA» y «Bitácora», exploren el registro y anoten qué encontraron, qué arreglaron y cómo lo verificaron.
B11: Cómo se usa el archivo
B12: Celdas ámbar | C12: Son las que ustedes llenan. Lo demás se calcula solo; no hace falta escribir fórmulas.
B13: Comprobación | C13: En la Parte 2, junto a su diagnóstico hay un conteo automático para verificar lo que contaron.
B14: Sin datos reales | C14: El padrón es ficticio (dato verde). Un microdato real casi siempre sería dato amarillo: solo Copilot institucional.
B16: La regla dura
C17: Ningún número entra al informe sin que sepan qué se limpió para obtenerlo. Un promedio sin bitácora es un rumor con decimales.
B19: Para quien programa
B20: Notebook | C20: El archivo Laboratorio_S07.ipynb hace lo mismo con pandas e incluye una demostración de prompt-to-code. Los números deben coincidir con esta hoja.

Sheet Prompt
B2: Parte 1 · Escribir el prompt
B3: Un buen prompt cuantitativo no da error: fija los supuestos para que no los elija la IA.
B5: El pedido vago que hay que mejorar:
B6: «saca el promedio del apoyo»
B8: Completen cada elemento (celdas ámbar):
B9: 1. Columnas exactas (¿qué columna es el monto? ¿y la de entidad?)
B10: 2. Unidad de análisis (¿por entidad, por beneficiario, por folio único?)
B11: 3. Qué hacer con lo inválido (texto como número, ignorar vacías, un folio una vez)
B12: 4. Salida deseada (¿promedio y conteo? ¿redondeo? ¿en tabla?)
B14: Tu prompt completo:

Sheet Depuración
B2: Parte 2 · Depurar y recalcular
B3: Padrón de un programa de apoyo (ficticio). Compara el promedio sin limpiar contra el corregido.
G4: se calculan solas
B5: folio | C5: entidad | D5: monto_apoyo | E5: estatus | F5: monto_num | G5: primera_vez | H5: para_promedio
B6: F-001 | C6: Norte | D6: 2000 | E6: Activo | F6: =IFERROR(VALUE(SUBSTITUTE(D6,",","")),"") -> 2000 | G6: =IF(COUNTIF($B$6:B6,B6)=1,1,0) -> 1 | H6: =IF(AND(G6=1,F6<>""),F6,"") -> 2000
B7: F-002 | C7: Centro | D7: 5,000 | E7: activo | F7: =IFERROR(VALUE(SUBSTITUTE(D7,",","")),"") -> 5000 | G7: =IF(COUNTIF($B$6:B7,B7)=1,1,0) -> 1 | H7: =IF(AND(G7=1,F7<>""),F7,"") -> 5000
B8: F-003 | C8: Sur | D8: 2000 | E8: ACTIVO | F8: =IFERROR(VALUE(SUBSTITUTE(D8,",","")),"") -> 2000 | G8: =IF(COUNTIF($B$6:B8,B8)=1,1,0) -> 1 | H8: =IF(AND(G8=1,F8<>""),F8,"") -> 2000
B9: F-004 | C9: Norte | D9: 5,000 | E9: Activo | F9: =IFERROR(VALUE(SUBSTITUTE(D9,",","")),"") -> 5000 | G9: =IF(COUNTIF($B$6:B9,B9)=1,1,0) -> 1 | H9: =IF(AND(G9=1,F9<>""),F9,"") -> 5000
B10: F-005 | C10: Centro | D10: 2000 | E10: Baja | F10: =IFERROR(VALUE(SUBSTITUTE(D10,",","")),"") -> 2000 | G10: =IF(COUNTIF($B$6:B10,B10)=1,1,0) -> 1 | H10: =IF(AND(G10=1,F10<>""),F10,"") -> 2000
B11: F-006 | C11: Sur | D11: 2000 | E11: Activo | F11: =IFERROR(VALUE(SUBSTITUTE(D11,",","")),"") -> 2000 | G11: =IF(COUNTIF($B$6:B11,B11)=1,1,0) -> 1 | H11: =IF(AND(G11=1,F11<>""),F11,"") -> 2000
B12: F-007 | C12: Norte | D12: 5,000 | E12: Activo | F12: =IFERROR(VALUE(SUBSTITUTE(D12,",","")),"") -> 5000 | G12: =IF(COUNTIF($B$6:B12,B12)=1,1,0) -> 1 | H12: =IF(AND(G12=1,F12<>""),F12,"") -> 5000
B13: F-008 | C13: Centro | D13: 2000 | E13: baja | F13: =IFERROR(VALUE(SUBSTITUTE(D13,",","")),"") -> 2000 | G13: =IF(COUNTIF($B$6:B13,B13)=1,1,0) -> 1 | H13: =IF(AND(G13=1,F13<>""),F13,"") -> 2000
B14: F-009 | C14: Sur | D14: 2000 | E14: Activo | F14: =IFERROR(VALUE(SUBSTITUTE(D14,",","")),"") -> 2000 | G14: =IF(COUNTIF($B$6:B14,B14)=1,1,0) -> 1 | H14: =IF(AND(G14=1,F14<>""),F14,"") -> 2000
B15: F-010 | C15: Norte | D15: 5,000 | E15: Activo | F15: =IFERROR(VALUE(SUBSTITUTE(D15,",","")),"") -> 5000 | G15: =IF(COUNTIF($B$6:B15,B15)=1,1,0) -> 1 | H15: =IF(AND(G15=1,F15<>""),F15,"") -> 5000
B16: F-011 | C16: Centro | D16: 2000 | E16: Activo | F16: =IFERROR(VALUE(SUBSTITUTE(D16,",","")),"") -> 2000 | G16: =IF(COUNTIF($B$6:B16,B16)=1,1,0) -> 1 | H16: =IF(AND(G16=1,F16<>""),F16,"") -> 2000
B17: F-012 | C17: Sur | D17: 5,000 | E17: Activo | F17: =IFERROR(VALUE(SUBSTITUTE(D17,",","")),"") -> 5000 | G17: =IF(COUNTIF($B$6:B17,B17)=1,1,0) -> 1 | H17: =IF(AND(G17=1,F17<>""),F17,"") -> 5000
B18: F-013 | C18: Norte | D18: 2000 | E18: Activo | F18: =IFERROR(VALUE(SUBSTITUTE(D18,",","")),"") -> 2000 | G18: =IF(COUNTIF($B$6:B18,B18)=1,1,0) -> 1 | H18: =IF(AND(G18=1,F18<>""),F18,"") -> 2000
B19: F-014 | C19: Centro | D19: 5,000 | E19: Activo | F19: =IFERROR(VALUE(SUBSTITUTE(D19,",","")),"") -> 5000 | G19: =IF(COUNTIF($B$6:B19,B19)=1,1,0) -> 1 | H19: =IF(AND(G19=1,F19<>""),F19,"") -> 5000
B20: F-015 | C20: Sur | D20: 2000 | E20: Baja | F20: =IFERROR(VALUE(SUBSTITUTE(D20,",","")),"") -> 2000 | G20: =IF(COUNTIF($B$6:B20,B20)=1,1,0) -> 1 | H20: =IF(AND(G20=1,F20<>""),F20,"") -> 2000
B21: F-003 | C21: Sur | D21: 2000 | E21: ACTIVO | F21: =IFERROR(VALUE(SUBSTITUTE(D21,",","")),"") -> 2000 | G21: =IF(COUNTIF($B$6:B21,B21)=1,1,0) -> 0 | H21: =IF(AND(G21=1,F21<>""),F21,"")
B22: F-009 | C22: Sur | D22: 2000 | E22: Activo | F22: =IFERROR(VALUE(SUBSTITUTE(D22,",","")),"") -> 2000 | G22: =IF(COUNTIF($B$6:B22,B22)=1,1,0) -> 0 | H22: =IF(AND(G22=1,F22<>""),F22,"")
B23: F-016 | C23: Norte | E23: Activo | F23: =IFERROR(VALUE(SUBSTITUTE(D23,",","")),"") | G23: =IF(COUNTIF($B$6:B23,B23)=1,1,0) -> 1 | H23: =IF(AND(G23=1,F23<>""),F23,"")
B25: Sin limpiar (ingenuo) | F25: Ya limpio (corregido)
B26: Promedio ingenuo | D26: =AVERAGE(D6:D23) -> 2000 | F26: Promedio corregido | H26: =AVERAGE(H6:H23) -> 3200
B27: Celdas que promedió | D27: =COUNT(D6:D23) -> 11 | F27: Beneficiarios únicos con monto | H27: =COUNT(H6:H23) -> 15
F28: El ingenuo subestima | H28: =(H26-D26)/H26 -> 0.375
B30: Diagnóstico: ¿cuántos de cada problema? (llénalo) | F30: Tu conteo | G30: Comprobación
B31: Montos guardados como texto | G31: =SUMPRODUCT(--ISTEXT(D6:D23)) -> 6
B32: Folios duplicados (renglones de más) | G32: =COUNTA(B6:B23)-SUMPRODUCT(1/COUNTIF(B6:B23,B6:B23)) -> 2
B33: Montos vacíos | G33: =COUNTBLANK(D6:D23) -> 1
B34: Formas distintas de escribir «Activo» (cuéntalas a ojo) | G34: revisa la columna estatus

Sheet EDA
B2: Parte 3 · Lista de EDA rápida
B3: El barrido que se le hace a cualquier registro antes de calcular nada.
B5: Pregunta de EDA | C5: Respuesta | D5: ¿Tiene sentido?
B6: ¿Cuántos renglones? | C6: =COUNTA(Depuración!B6:B23) -> 18
B7: ¿Cuántas columnas de datos? | C7: =4 -> 4
B8: ¿El monto es número en todas las celdas? | C8: =IF(SUMPRODUCT(--ISTEXT(Depuración!D6:D23))>0,"No, hay texto","Sí") -> No, hay texto
B9: Faltantes en monto_apoyo | C9: =COUNTBLANK(Depuración!D6:D23) -> 1
B10: Monto mínimo (ya como número) | C10: =MIN(Depuración!F6:F23) -> 2000
B11: Monto máximo (ya como número) | C11: =MAX(Depuración!F6:F23) -> 5000
B12: ¿Folios duplicados? | C12: =COUNTA(Depuración!B6:B23)-SUMPRODUCT(1/COUNTIF(Depuración!B6:B23,Depuración!B6:B23)) -> 2
B14: En las celdas ámbar, escribe Sí o No: ¿el rango de montos es razonable para este apoyo?

Sheet Bitácora
B2: Parte 3 · Bitácora de limpieza y verificación
B3: Una fila por problema. La primera es un ejemplo; ustedes llenan las de abajo (ámbar).
B5: Problema encontrado | C5: Qué hiciste | D5: Cuántos afecta | E5: Cómo lo verificaste
B6: EJEMPLO. Montos guardados como texto | C6: Los convertí a número | D6: 4 de 18 | E6: El promedio pasó de 2,000 a 3,200
B13: Regla dura: si no puedes decir qué arreglaste y cómo lo verificaste, el número no es defendible. Un promedio sin bitácora es un rumor con decimales.
